Liên kết gốc,Sub_id1,Sub_id2,Sub_id3,Sub_id4,Sub_id5,Liên kết chuyển đổi,Lí do thất bại
https://shopeefood.vn/ha-noi/bun-cha-dac-kim-hang-manh,,,,,,https://shope.ee/AUuLyH29wJ,
https://shopeefood.vn/ha-noi/bun-cha-hang-quat,,,,,,https://shope.ee/9KiOa86bJ6,
https://shopeefood.vn/ha-noi/bun-cha-sinh-tu-nguyen-khuyen,,,,,,https://shope.ee/9V1omR5xy9,
https://shopeefood.vn/ha-noi/bun-cha-que-tre-bach-mai,,,,,,https://shope.ee/9fLEyk5KdC,
https://shopeefood.vn/ha-noi/bun-cha-sinh-tu-dai-co-viet,,,,,,https://shope.ee/9pefB34hIF,
https://shopeefood.vn/ha-noi/bun-cha-sinh-tu-tran-thai-tong,,,,,,https://shope.ee/8fShmu98f2,
https://shopeefood.vn/ha-noi/bun-cha-cua-dong,,,,,,https://shope.ee/8pm7zD8VK5,
https://shopeefood.vn/ha-noi/bun-cha-sinh-tu-doi-can,,,,,,https://shope.ee/905YBW7rz8,
https://shopeefood.vn/ha-noi/bun-cha-ngo-si-lien,,,,,,https://shope.ee/9AOyNp7EeB,
https://shopeefood.vn/ha-noi/bun-cha-nguyen-bieu,,,,,,https://shope.ee/80D0zgBg0y,
https://shopeefood.vn/ha-noi/bun-cha-sinh-tu-hoang-cau,,,,,,https://shope.ee/8AWRBzB2g1,
https://shopeefood.vn/ha-noi/bun-cha-duy-tan,,,,,,https://shope.ee/8KprOIAPL4,
https://shopeefood.vn/ha-noi/bun-cha-sinh-tu-giang-vo,,,,,,https://shope.ee/8V9Hab9m07,
https://shopeefood.vn/ha-noi/bun-cha-tran-hung-dao,,,,,,https://shope.ee/7KxKCSEDMu,
https://shopeefood.vn/ha-noi/bun-cha-bach-mai,,,,,,https://shope.ee/7VGkOlDa1x,
https://shopeefood.vn/ha-noi/bun-cha-chua-boc,,,,,,https://shope.ee/7faAb4Cwh0,
https://shopeefood.vn/ha-noi/bun-cha-sinh-tu-nguyen-trai,,,,,,https://shope.ee/7ptanNCJM3,
https://shopeefood.vn/ha-noi/bun-cha-mai-hac-de,,,,,,https://shope.ee/6fhdPEGkiq,
https://shopeefood.vn/ha-noi/bun-cha-kim-lien,,,,,,https://shope.ee/6q13bXG7Nt,
https://shopeefood.vn/ha-noi/bun-cha-thai-ha,,,,,,https://shope.ee/70KTnqFU2w,
https://shopeefood.vn/ha-noi/bun-cha-to-hieu,,,,,,https://shope.ee/7Adu09Eqhz,
https://shopeefood.vn/ha-noi/bun-cha-vu-tong-phan,,,,,,https://shope.ee/60Rwc0JI4m,
https://shopeefood.vn/ho-chi-minh/chao-ba-dau,,,,,,https://shope.ee/6AlMoJIejp,
https://shopeefood.vn/ho-chi-minh/viva-bakery-banh-nuong-ngan-lop-dimsum-banh-bao-dong-xoai,,,,,,https://shope.ee/6L4n0cI1Os,
https://shopeefood.vn/ho-chi-minh/com-ga-xoi-mo-131c-lam-van-ben,,,,,,https://shope.ee/6VODCvHO3v,
https://shopeefood.vn/ho-chi-minh/com-tam-nhat-japonica-com-suon-teriyaki-com-van-phong,,,,,,https://shope.ee/5LCFomLpQi,
https://shopeefood.vn/ho-chi-minh/lau-thai-ly-mi-tron-ca-vien-chien-sanh-an-thu-duc,,,,,,https://shope.ee/5VVg15LC5l,
https://shopeefood.vn/ha-noi/bun-ca-cay-bun-thai-hai-san-de-la-thanh,,,,,,https://shope.ee/5fp6DOKYko,
https://shopeefood.vn/ho-chi-minh/my-y-spaghetti-to-go-tran-hung-dao,,,,,,https://shope.ee/5q8WPhJvPr,
https://shopeefood.vn/ho-chi-minh/com-ga-hai-nam-nguyen-tri-phuong,,,,,,https://shope.ee/4fwZ1YOMme,
https://shopeefood.vn/ha-noi/bun-bo-hue-ben-ngu-lac-trung,,,,,,https://shope.ee/4qFzDrNjRh,
https://shopeefood.vn/ho-chi-minh/banh-cuon-430-le-quang-dinh,,,,,,https://shope.ee/50ZPQAN66k,
https://shopeefood.vn/ho-chi-minh/quan-an-tam-ky-com-ga-hu-tieu-xao-nguyen-duy-trinh,,,,,,https://shope.ee/5AspcTMSln,
https://shopeefood.vn/ho-chi-minh/bun-ca-mr-nau-200-ton-dan,,,,,,https://shope.ee/40gsEKQu8a,
https://shopeefood.vn/da-nang/chicky-licky-ga-ran-han-quoc-167-ha-huy-tap,,,,,,https://shope.ee/4B0IQdQGnd,
https://shopeefood.vn/da-nang/chicky-licky-ga-ran-han-quoc-34-phan-dang-luu,,,,,,https://shope.ee/4LJicwPdSg,
https://shopeefood.vn/ho-chi-minh/quan-ha-banh-cuon-nong-banh-duc,,,,,,https://shope.ee/4Vd8pFP07j,
https://shopeefood.vn/ho-chi-minh/bun-thit-nuong-hai-dang-149-chan-hung-khong-chi-nhanh,,,,,,https://shope.ee/3LRBR6TRUW,
https://shopeefood.vn/ha-noi/bun-bo-hue-hoang-quan,,,,,,https://shope.ee/3VkbdPSo9Z,
https://shopeefood.vn/ho-chi-minh/lucky-bun-thit-nuong-an-vat-an-duong-vuong,,,,,,https://shope.ee/3g41piSAoc,
https://shopeefood.vn/ho-chi-minh/banh-cuon-nong-banh-uot-tran-van-dang,,,,,,https://shope.ee/3qNS21RXTf,
https://shopeefood.vn/ho-chi-minh/bun-ca-ro-dong-yen-the,,,,,,https://shope.ee/2gBUdsVyqS,
https://shopeefood.vn/ho-chi-minh/com-chay-thien-nhien-mon-chay-nguyen-van-luong,,,,,,https://shope.ee/2qUuqBVLVV,
https://shopeefood.vn/ho-chi-minh/ga-ran-jimama-ga-ran-my-y-an-vat-thanh-thai,,,,,,https://shope.ee/30oL2UUiAY,
https://shopeefood.vn/ho-chi-minh/com-chay-thoi-ke-le-van-thinh,,,,,,https://shope.ee/3B7lEnU4pb,
https://shopeefood.vn/ha-noi/tiem-ga-ran-toki,,,,,,https://shope.ee/20vnqeYWCO,
https://shopeefood.vn/ha-noi/com-tam-suon-ba-son-minh-khai,,,,,,https://shope.ee/2BFE2xXsrR,
https://shopeefood.vn/ho-chi-minh/chau-ngoc-thao-food-ga-u-muoi-an-vat-vinh-hoi,,,,,,https://shope.ee/2LYeFGXFWU,
https://shopeefood.vn/ha-noi/di-cam-bun-thit-nuong-hoi-an-lang-ha,,,,,,https://shope.ee/2Vs4RZWcBX,
https://shopeefood.vn/ha-noi/di-cam-bun-thit-nuong-hoi-an-doan-ke-thien,,,,,,https://shope.ee/1Lg73Qb3YK,
https://shopeefood.vn/ha-noi/chao-suon-sun-88-chao-gia-truyen-shop-online,,,,,,https://shope.ee/1VzXFjaQDN,
https://shopeefood.vn/ho-chi-minh/banh-canh-cua-co-nam-loan,,,,,,https://shope.ee/1gIxS2ZmsQ,
https://shopeefood.vn/ho-chi-minh/banh-canh-cua-ba-ba,,,,,,https://shope.ee/1qcNeLZ9XT,
https://shopeefood.vn/da-nang/chicky-licky-ga-ran-han-quoc-116-huynh-thuc-khang,,,,,,https://shope.ee/gQQGCdauG,
https://shopeefood.vn/ha-noi/nam-an-com-ga-hoi-an-doan-ke-thien,,,,,,https://shope.ee/qjqSVcxZJ,
https://shopeefood.vn/ho-chi-minh/banh-cuon-nong-cao-thang,,,,,,https://shope.ee/113GeocKEM,
https://shopeefood.vn/ha-noi/nam-an-com-ga-hoi-an-khuat-duy-tien,,,,,,https://shope.ee/1BMgr7bgtP,
https://shopeefood.vn/ho-chi-minh/banh-canh-cua-sup-cua-mang-tay-duong-so-4,,,,,,https://shope.ee/1AjSyg8GC,
https://shopeefood.vn/ho-chi-minh/domino-s-pizza-le-van-sy,,,,,,https://shope.ee/BU9fHfUvF,
https://shopeefood.vn/ho-chi-minh/tu-kieu-com-ga-xoi-mo,,,,,,https://shope.ee/LnZraeraI,
https://shopeefood.vn/ha-noi/kyo-sushi-take-away-soba-nguyen-sushi-sashimi-do-duc-duc.jevwhv,,,,,,https://shope.ee/W703teEFL,
https://shopeefood.vn/ho-chi-minh/cay-sung-banh-xeo-banh-khot-rau-rung,,,,,,https://shope.ee/AAHVZf3QdE,
https://shopeefood.vn/ho-chi-minh/co-thao-tom-ca-ca-hoi-ngam-tuong-quan-1,,,,,,https://shope.ee/9zy5NM43yD,
https://shopeefood.vn/ho-chi-minh/yoko-sushi,,,,,,https://shope.ee/AUuLyH29xK,
https://shopeefood.vn/ho-chi-minh/sapinkie-an-vat-4-teen,,,,,,https://shope.ee/AKavly2nIJ,
https://shopeefood.vn/ho-chi-minh/domino-s-pizza-nguyen-kiem,,,,,,https://shope.ee/9V1omR5xzA,
https://shopeefood.vn/ho-chi-minh/banh-canh-cua-gia-linh-ten-lua,,,,,,https://shope.ee/9KiOa86bK9,
https://shopeefood.vn/ho-chi-minh/banh-mi-cha-ca-ma-hai-cafe-huynh-tan-phat,,,,,,https://shope.ee/9pefB34hJG,
https://shopeefood.vn/ho-chi-minh/tra-sua-duck-banh-mi-ca-phe-latte-phan-van-tri,,,,,,https://shope.ee/9fLEyk5KeF,
https://shopeefood.vn/da-nang/map-oi-tokbokki-mi-tuong-den,,,,,,https://shope.ee/8pm7zD8VL6,
https://shopeefood.vn/ho-chi-minh/ma-hai-banh-mi-tra-sua-latte-nguyen-dinh-chieu,,,,,,https://shope.ee/8fShmu98g5,
https://shopeefood.vn/ho-chi-minh/banh-mi-ba-noi-banh-mi-thit-nuong,,,,,,https://shope.ee/9AOyNp7EfC,
https://shopeefood.vn/ho-chi-minh/banh-mi-que-phap-hong-lac,,,,,,https://shope.ee/905YBW7s0B,
https://shopeefood.vn/ho-chi-minh/8-rem-banh-mi-binh-dinh-le-quang-dinh,,,,,,https://shope.ee/8AWRBzB2h2,
https://shopeefood.vn/ho-chi-minh/banh-mi-hong-phat-nguyen-tri-phuong,,,,,,https://shope.ee/80D0zgBg21,
https://shopeefood.vn/ho-chi-minh/ma-hai-banh-mi-tra-sua-latte-phan-van-tri,,,,,,https://shope.ee/8V9Hab9m18,
https://shopeefood.vn/ho-chi-minh/tra-sua-duck-banh-mi-ca-phe-latte-nguyen-dinh-chieu,,,,,,https://shope.ee/8KprOIAPM7,
https://shopeefood.vn/ho-chi-minh/banh-mi-81-huong-vi-pleiku-gia-lai-hoa-lan,,,,,,https://shope.ee/7VGkOlDa2y,
https://shopeefood.vn/ho-chi-minh/bun-cha-dong-duong-bun-cha-nguyen-huu-canh.rgw2vy,,,,,,https://shope.ee/7KxKCSEDNx,
https://shopeefood.vn/ho-chi-minh/banh-mi-chim-chay-nguyen-thi-minh-khai,,,,,,https://shope.ee/7ptanNCJN4,
https://shopeefood.vn/ho-chi-minh/banh-mi-chim-chay-le-van-sy,,,,,,https://shope.ee/7faAb4Cwi3,
https://shopeefood.vn/ho-chi-minh/sushi-m-h-nguyen-van-cu,,,,,,https://shope.ee/6q13bXG7Ou,
https://shopeefood.vn/ho-chi-minh/banh-mi-huy-map-phan-dinh-phung,,,,,,https://shope.ee/6fhdPEGkjt,
https://shopeefood.vn/ha-noi/kampong-com-ga-hai-nam-12-pham-ngoc-thach,,,,,,https://shope.ee/7Adu09Eqj0,
https://shopeefood.vn/ha-noi/pizza-margheritta-lac-long-quan,,,,,,https://shope.ee/70KTnqFU3z,
https://shopeefood.vn/ha-noi/pizza-ff-187-doi-can,,,,,,https://shope.ee/6AlMoJIekq,
https://shopeefood.vn/ho-chi-minh/banh-mi-chim-chay-11-4-nguyen-thi-minh-khai,,,,,,https://shope.ee/60Rwc0JI5p,
https://shopeefood.vn/ha-noi/box-sushi-sushi-sashimi-tran-duy-hung,,,,,,https://shope.ee/6VODCvHO4w,
https://shopeefood.vn/ho-chi-minh/banh-mi-chim-chay-nguyen-tri-phuong,,,,,,https://shope.ee/6L4n0cI1Pv,
https://shopeefood.vn/ho-chi-minh/street-food-ga-ran-pizza-hamburger-chien-luoc,,,,,,https://shope.ee/5VVg15LC6m,
https://shopeefood.vn/ho-chi-minh/banh-mi-coc-banh-mi-ga-xe-le-quang-dinh,,,,,,https://shope.ee/5LCFomLpRl,
https://shopeefood.vn/ho-chi-minh/ga-ran-jimama-ga-ran-my-y-an-vat-nguyen-van-nghi,,,,,,https://shope.ee/5q8WPhJvQs,
https://shopeefood.vn/ho-chi-minh/ga-ran-jimama-ga-ran-my-y-an-vat-thich-quang-duc,,,,,,https://shope.ee/5fp6DOKYlr,
https://shopeefood.vn/ha-noi/an-nhien-chay-com-chay-van-phong,,,,,,https://shope.ee/4qFzDrNjSi,
https://shopeefood.vn/ho-chi-minh/kenh-ba-chau-ca-hoi-ngam-tuong-thuong-hang,,,,,,https://shope.ee/4fwZ1YOMnh,
https://shopeefood.vn/ha-noi/nam-an-com-ga-hoi-an-minh-khai,,,,,,https://shope.ee/5AspcTMSmo,
https://shopeefood.vn/ho-chi-minh/banh-mi-chim-chay-thit-nuong-than,,,,,,https://shope.ee/50ZPQAN67n,
https://shopeefood.vn/ha-noi/bami-sot-banh-mi-den-52-to-hieu,,,,,,https://shope.ee/4B0IQdQGoe,
https://shopeefood.vn/ha-noi/bami-king-banh-mi-bo-nuong-com-tho-an-trach,,,,,,https://shope.ee/40gsEKQu9d,
https://shopeefood.vn/da-nang/bun-dau-mam-tom-29-an-vat-93-tran-le,,,,,,https://shope.ee/4Vd8pFP08k,
