Tên Quán,Thành Phố,Quận,Đánh Giá,Số Lượng Đánh Giá,Link ShopeeFood Gốc,Link Affiliate shope.ee (Điền vào đây)
"Bonchon Chicken - Lê Hồng Phong","da-nang","","4.9","1000","https://shopeefood.vn/da-nang/bonchon-chicken-le-hong-phong",""
"Bún Mắm Vân - Lê Độ","da-nang","","4.9","1000","https://shopeefood.vn/da-nang/bun-mam-van",""
"Pizza Time - 316 Lê Thanh Nghị","da-nang","","4.9","1000","https://shopeefood.vn/da-nang/pizza-time-316-le-thanh-nghi",""
"Quán Cô Linh - Hủ Tiếu Nam Vang & Mì Xíu","da-nang","","4.9","1000","https://shopeefood.vn/da-nang/quan-co-linh-hu-tieu-nam-vang-mi-xiu",""
"Family1 - Kebab, Burger & Bánh Mì - Lê Hồng Phong","da-nang","","4.9","1000","https://shopeefood.vn/da-nang/family1-kebab-burger-banh-mi-le-hong-phong",""
"Chicky Licky - Gà Rán Hàn Quốc - 116 Huỳnh Thúc Kháng","da-nang","","4.9","1000","https://shopeefood.vn/da-nang/chicky-licky-ga-ran-han-quoc-116-huynh-thuc-khang",""
"Nem Nướng Nha Trang - ViViFood","da-nang","","4.9","1000","https://shopeefood.vn/da-nang/nem-nuong-nha-trang-vivifood",""
"Bếp Bà Ngoại - Ram Cuốn Cải & Hoành Thánh Chiên - 04 Vũ Trọng Hoàng","da-nang","","4.9","1000","https://shopeefood.vn/da-nang/bep-ba-ngoai-ram-cuon-cai-hoanh-thanh-chien-04-vu-trong-hoang",""
"Cô Ba & Chú Bảy - Cơm & Bún Lòng Xào Nghệ - Dũng Sĩ Thanh Khê","da-nang","","4.9","1000","https://shopeefood.vn/da-nang/co-ba-chu-bay-com-bun-long-xao-nghe-dung-si-thanh-khe",""
"Chicky Licky - Gà Rán Hàn Quốc -  34 Phan Đăng Lưu","da-nang","","4.9","1000","https://shopeefood.vn/da-nang/chicky-licky-ga-ran-han-quoc-34-phan-dang-luu",""
"Bánh Mì Đệ Nhất - 106 Trưng Nữ Vương","da-nang","","4.9","1000","https://shopeefood.vn/da-nang/banh-mi-de-nhat-106-trung-nu-vuong",""
"Cơm Tấm Ông Anh - Cơm - Lê Thanh Nghị","da-nang","","4.9","1000","https://shopeefood.vn/da-nang/com-tam-ong-anh-com-le-thanh-nghi.gnr15o",""
"Chè Hoa Xù - Thanh Khê 6","da-nang","","4.9","1000","https://shopeefood.vn/da-nang/che-hoa-xu-thanh-khe-6",""
"Quán Ăn Hàn Quốc Thằng Bờm","da-nang","","4.9","1000","https://shopeefood.vn/da-nang/quan-an-han-quoc-thang-bom",""
"Bánh Mì Đệ Nhất - Phạm Cự Lượng","da-nang","","4.9","1000","https://shopeefood.vn/da-nang/banh-mi-de-nhat-pham-cu-luong",""
"Nem Nướng Nha Trang - Còng","da-nang","","4.9","1000","https://shopeefood.vn/da-nang/nem-nuong-nha-trang-cong",""
"Bánh Mì Chay - Trần Tống","da-nang","","4.9","1000","https://shopeefood.vn/da-nang/banh-mi-chay",""
"Bánh Mì Nướng Lạng Sơn - Trần Cao Vân","da-nang","","4.9","1000","https://shopeefood.vn/da-nang/banh-mi-nuong-lang-son",""
"Gà Rán - Choong Man Chicken - 239 Lê Thanh Nghị","da-nang","","4.9","1000","https://shopeefood.vn/da-nang/ga-ran-choong-man-chicken-239-le-thanh-nghi",""
"Street Monster - Kimbap, Tokbokki & Bánh Mì Hàn Quốc","da-nang","","4.9","1000","https://shopeefood.vn/da-nang/street-monster-kimbap-tokbokki-banh-mi-han-quoc",""
"Mập Ơi - Tokbokki & Mì Tương Đen","da-nang","","4.9","1000","https://shopeefood.vn/da-nang/map-oi-tokbokki-mi-tuong-den",""
"Chicky Licky - Gà Rán Hàn Quốc - 167 Hà Huy Tập","da-nang","","4.9","1000","https://shopeefood.vn/da-nang/chicky-licky-ga-ran-han-quoc-167-ha-huy-tap",""
"Chicky Licky - Gà Rán Hàn Quốc - 78e Nguyễn Chí Thanh","da-nang","","4.9","1000","https://shopeefood.vn/da-nang/chicky-licky-ga-ran-han-quoc-78e-nguyen-chi-thanh",""
"Bánh Mì Nướng Lạng Sơn - Phan Thanh","da-nang","","4.9","1000","https://shopeefood.vn/da-nang/banh-mi-nuong-lang-son-phan-thanh",""
"Bánh Mì Đệ Nhất - 562 Trưng Nữ Vương","da-nang","","4.9","1000","https://shopeefood.vn/da-nang/banh-mi-de-nhat-562-trung-nu-vuong",""
"Bún Đậu Mắm Tôm 29 & Ăn Vặt - 93 Trần Lê","da-nang","","4.9","1000","https://shopeefood.vn/da-nang/bun-dau-mam-tom-29-an-vat-93-tran-le",""
"Bánh xèo Bà Thuý - Lê Độ","da-nang","","4.8","1000","https://shopeefood.vn/da-nang/banh-xeo-ba-thuy-le-do",""
"Cơm Gà Xối Mỡ ( Chọn Vị ) MR. CHICKEN - Cơm Gà Xối Mỡ - Nguyễn Thị Thập","da-nang","","4.8","1000","https://shopeefood.vn/da-nang/com-ga-xoi-mo-chon-vi-mr-chicken-com-ga-xoi-mo-nguyen-thi-thap.bpw30y",""
"Cơm Chiên Giòn - Long Bốn - Hoàng Hoa Thám","da-nang","","4.8","1000","https://shopeefood.vn/da-nang/com-chien-gion-long-bon-hoang-hoa-tham",""
"Bún Chả Cá Bà Lữ - Khúc Hạo","da-nang","","4.8","1000","https://shopeefood.vn/da-nang/bun-cha-ca-ba-lu-khuc-hao",""
"Tiệm Cơm Cà Mèn - Gà Nướng Muối Ớt Lá Chanh","da-nang","","4.8","1000","https://shopeefood.vn/da-nang/tiem-com-ca-men-ga-nuong-muoi-ot-la-chanh",""
"Bánh Xèo Bà Thuý - 344 Trưng Nữ Vương","da-nang","","4.8","1000","https://shopeefood.vn/da-nang/banh-xeo-ba-thuy-344-trung-nu-vuong",""
"Bếp Quê 2 - Bún Đậu Mắm Tôm","da-nang","","4.8","1000","https://shopeefood.vn/da-nang/bep-que-2-bun-dau-mam-tom",""
"Bún Đậu Mắm Tôm - Bếp Tiên 3","da-nang","","4.8","1000","https://shopeefood.vn/da-nang/bun-dau-mam-tom-bep-tien-3",""
"Duyên - Cơm Gà Xối Mỡ - Núi Thành","da-nang","","4.8","1000","https://shopeefood.vn/da-nang/duyen-com-ga-xoi-mo",""
"Bún Chả Cá Tam Giác - Hải Phòng","da-nang","","4.8","1000","https://shopeefood.vn/da-nang/bun-cha-ca-tam-giac-hai-phong",""
"Vợt Cafe - Cafe Kem Trứng & Cafe Vợt","da-nang","","4.8","1000","https://shopeefood.vn/da-nang/vot-cafe-cafe-kem-trung-cafe-vot",""
"Cơm Gà Gia Vĩnh - Hải Phòng","da-nang","","4.8","1000","https://shopeefood.vn/da-nang/com-chien-gion-gia-vinh",""
"Duyên - Cơm Gà Xối Mỡ - Hoàng Diệu","da-nang","","4.8","1000","https://shopeefood.vn/da-nang/duyen-com-ga-xoi-mo-hoang-dieu",""
"Quán Thanh - Bún Chả Cá & Riêu Cua","da-nang","","4.8","1000","https://shopeefood.vn/da-nang/quan-thanh-bun-cha-ca-rieu-cua",""
"Mote Pizza - Lê Lợi","da-nang","","4.8","1000","https://shopeefood.vn/da-nang/mote-pizza-le-loi",""
"Burgers Min Min","da-nang","","4.8","1000","https://shopeefood.vn/da-nang/burgers-min-min",""
"Bếp Quê - Bún Đậu Mắm Tôm","da-nang","","4.8","1000","https://shopeefood.vn/da-nang/bep-que-bun-dau-mam-tom",""
"Gà Rán & Burger Lotteria - Sơn Trà Coopmart","da-nang","","4.8","1000","https://shopeefood.vn/da-nang/ga-ran-burger-lotteria-son-tra-coopmart",""
"Cháo Quẩy Sườn Sụn Bé Bi - Phan Thanh","da-nang","","4.8","1000","https://shopeefood.vn/da-nang/chao-quay-suon-sun-be-bi-phan-thanh",""
"Bún Đậu Mắm Tôm - Bếp Tiên 5 - 598 Hoàng Diệu","da-nang","","4.8","1000","https://shopeefood.vn/da-nang/bun-dau-mam-tom-bep-tien-5-598-hoang-dieu",""
"Quán Chay An Lạc Tâm - Lê Quý Đôn","da-nang","","4.8","1000","https://shopeefood.vn/da-nang/quan-chay-an-lac-tam-le-quy-don",""
"Bếp Quê 4 - Bún Đậu Mắm Tôm","da-nang","","4.8","1000","https://shopeefood.vn/da-nang/bep-que-4-bun-dau-mam-tom",""
"Dona Trum - Bánh Mì - Xôi Gia Truyền - Trần Cao Vân","da-nang","","4.8","1000","https://shopeefood.vn/da-nang/dona-trum-banh-mi-xoi-gia-truyen-tran-cao-van",""
"Pizza Take Away Đà Nẵng","da-nang","","4.8","1000","https://shopeefood.vn/da-nang/pizza-take-away-da-nang",""
